date,open,close,high,low,volume
2019-08-12,0.6351351351351352,0.6621621621621621,0.6533333333333337,0.6394557823129251,0.04896041684316524
2019-08-13,0.6554054054054056,0.6621621621621621,0.6533333333333337,0.6598639455782315,0.03803322935827165
2019-08-14,0.6891891891891893,0.6756756756756759,0.6733333333333332,0.6938775510204082,0.04364765681340944
2019-08-15,0.648648648648649,0.6959459459459457,0.6733333333333332,0.6462585034013604,0.039310107879025856
2019-08-16,0.7027027027027025,0.6554054054054055,0.6733333333333332,0.6734693877551019,0.050136936188218385
2019-08-19,0.6418918918918918,0.635135135135135,0.6333333333333334,0.5918367346938773,0.23137115583679713
2019-08-20,0.6351351351351352,0.6013513513513513,0.6066666666666668,0.6122448979591837,0.15067128562845167
2019-08-21,0.6013513513513515,0.6081081081081079,0.5933333333333337,0.6054421768707484,0.042178373137368136
2019-08-22,0.621621621621622,0.5810810810810809,0.5933333333333337,0.5918367346938773,0.09136041694870828
2019-08-23,0.594594594594595,0.6013513513513513,0.5866666666666666,0.5918367346938773,0.059435396878658814
2019-08-26,0.5675675675675679,0.5743243243243242,0.566666666666667,0.5782312925170069,0.07012511837449688
2019-08-27,0.594594594594595,0.6013513513513513,0.5933333333333337,0.5918367346938773,0.13723931442354795
2019-08-28,0.6013513513513515,0.587837837837838,0.5800000000000001,0.5918367346938773,0.04785620625437366
2019-08-29,0.5878378378378377,0.6013513513513513,0.5800000000000001,0.5918367346938773,0.06126586804417001
2019-08-30,0.621621621621622,0.5810810810810809,0.5933333333333337,0.5918367346938773,0.08173567444487405
2019-09-02,0.594594594594595,0.5810810810810809,0.5800000000000001,0.5918367346938773,0.11230146972374688
2019-09-03,0.5810810810810811,0.587837837837838,0.566666666666667,0.5850340136054422,0.05681487713308321
2019-09-04,0.594594594594595,0.635135135135135,0.6133333333333333,0.5918367346938773,0.13800153946812624
2019-09-05,0.648648648648649,0.6554054054054055,0.6600000000000001,0.6530612244897956,0.20194197521712795
2019-09-06,0.6689189189189189,0.6689189189189186,0.6533333333333337,0.6666666666666666,0.070797473004509
2019-09-09,0.6891891891891893,0.6621621621621621,0.6733333333333332,0.6666666666666666,0.11962974831172309
2019-09-10,0.6689189189189189,0.6554054054054055,0.6466666666666665,0.6598639455782315,0.08949478969446129
2019-09-11,0.6756756756756754,0.6891891891891891,0.6733333333333332,0.6734693877551019,0.12357114273786216
2019-09-12,0.6959459459459459,0.702702702702703,0.6800000000000003,0.6938775510204082,0.06481629688211005
2019-09-16,0.7094594594594598,0.702702702702703,0.6866666666666669,0.7074829931972786,0.0721114453710233
2019-09-17,0.7027027027027025,0.6621621621621621,0.6800000000000003,0.6666666666666666,0.06859239122259563
2019-09-18,0.6756756756756754,0.6554054054054055,0.6533333333333337,0.6666666666666666,0.03163725474883472
2019-09-19,0.6689189189189189,0.6554054054054055,0.64,0.6530612244897956,0.02596215180206854
2019-09-20,0.6689189189189189,0.6756756756756759,0.6533333333333337,0.6598639455782315,0.07279633071775098
2019-09-23,0.6689189189189189,0.6418918918918922,0.6466666666666665,0.6394557823129251,0.08099582267903443
2019-09-24,0.648648648648649,0.6554054054054055,0.6466666666666665,0.6530612244897956,0.038453111726487806
2019-09-25,0.6554054054054056,0.6486486486486488,0.6466666666666665,0.6530612244897956,0.037209839761098734
2019-09-26,0.6689189189189189,0.6891891891891891,0.6733333333333332,0.6734693877551019,0.13131730711526454
2019-09-27,0.6959459459459459,0.6824324324324325,0.6866666666666669,0.6598639455782315,0.11377371549584654
2019-09-30,0.6824324324324327,0.6756756756756759,0.6999999999999998,0.6870748299319723,0.0792205498584542
2019-10-08,0.6689189189189189,0.6959459459459457,0.6866666666666669,0.6598639455782315,0.05856090713300217
2019-10-09,0.6824324324324327,0.7094594594594595,0.6999999999999998,0.6938775510204082,0.05671453392328998
2019-10-10,0.7162162162162163,0.702702702702703,0.6866666666666669,0.7074829931972786,0.017183287296744506
2019-10-11,0.7027027027027025,0.7499999999999999,0.7333333333333337,0.7142857142857139,0.09133516560500508
2019-10-14,0.7635135135135138,0.804054054054054,0.8133333333333331,0.7687074829931969,0.13771858576734558
2019-10-15,0.8040540540540541,0.804054054054054,0.7933333333333336,0.8027210884353743,0.049339544971173
2019-10-16,0.8310810810810811,0.804054054054054,0.8266666666666668,0.7891156462585032,0.07208200339666958
2019-10-17,0.8040540540540541,0.7972972972972974,0.7799999999999999,0.8027210884353743,0.01263236240729156
2019-10-18,0.8108108108108107,0.7702702702702703,0.8066666666666666,0.7823129251700679,0.059547410326766505
2019-10-21,0.7837837837837837,0.8513513513513514,0.8266666666666668,0.7891156462585032,0.11636333364696817
2019-10-22,0.8648648648648648,0.8648648648648647,0.8399999999999999,0.8435374149659862,0.046332596476155584
2019-10-23,0.8581081081081082,0.9054054054054056,0.8933333333333332,0.8639455782312925,0.09093903210453402
2019-10-24,0.9121621621621623,0.9391891891891893,0.9733333333333333,0.9183673469387754,0.14066862336373928
2019-10-25,0.9391891891891893,0.9797297297297302,0.9600000000000003,0.9047619047619044,0.1016986893185432
2019-10-28,1.0,0.9459459459459458,0.9799999999999999,0.9523809523809522,0.09670064590273406
2019-10-29,0.9527027027027025,0.9324324324324327,0.9466666666666667,0.931972789115646,0.05392567804863996
2019-10-30,0.9459459459459459,0.9594594594594598,0.9533333333333337,0.945578231292517,0.05691332964326472
2019-10-31,0.9797297297297296,0.9324324324324327,0.9466666666666667,0.9251700680272107,0.03470872819989
2019-11-01,0.9324324324324327,0.9527027027027031,0.9466666666666667,0.891156462585034,0.065167283837097
2019-11-04,0.9594594594594598,0.925675675675676,0.9466666666666667,0.945578231292517,0.047507981401441704
2019-11-05,0.9391891891891893,0.9391891891891893,0.9666666666666668,0.9387755102040811,0.123153612399963
2019-11-06,0.9391891891891893,0.9797297297297302,0.9666666666666668,0.945578231292517,0.08486502347151052
2019-11-07,0.9864864864864867,0.9594594594594598,0.9600000000000003,0.9659863945578226,0.04590535130349592
2019-11-08,0.9864864864864867,0.9054054054054056,0.9600000000000003,0.9183673469387754,0.09646129341562154
2019-11-11,0.8918918918918918,0.8378378378378376,0.8666666666666666,0.8435374149659862,0.06723244292370087
2019-11-12,0.8445945945945944,0.8581081081081081,0.846666666666667,0.8435374149659862,0.026792925211458436
2019-11-13,0.8581081081081082,0.8445945945945948,0.846666666666667,0.836734693877551,0.042847658951832734
2019-11-14,0.8445945945945944,0.8243243243243245,0.8333333333333334,0.836734693877551,0.018814998035340424
2019-11-15,0.8378378378378377,0.8513513513513514,0.8399999999999999,0.8435374149659862,0.03141913103696259
2019-11-18,0.8513513513513515,0.8716216216216219,0.846666666666667,0.8503401360544214,0.023743625885449406
2019-11-19,0.8716216216216214,0.8918918918918918,0.8666666666666666,0.8775510204081629,0.038190299438593055
2019-11-20,0.8851351351351352,0.8581081081081081,0.8666666666666666,0.8707482993197276,0.012727328467389037
2019-11-21,0.8445945945945944,0.8108108108108112,0.8200000000000003,0.8163265306122447,0.07266191289939986
2019-11-22,0.8175675675675679,0.7972972972972974,0.8000000000000002,0.8163265306122447,0.046957179429311574
2019-11-25,0.8108108108108107,0.8783783783783785,0.8666666666666666,0.8163265306122447,0.1142843934609722
2019-11-26,0.8986486486486485,0.8918918918918918,0.8933333333333332,0.8979591836734692,0.08239350093906975
2019-11-27,0.9054054054054056,0.9121621621621622,0.8933333333333332,0.8979591836734692,0.025842790675114222
2019-11-28,0.9121621621621623,0.8851351351351352,0.8866666666666667,0.891156462585034,0.016696678357831528
2019-11-29,0.8783783783783786,0.8513513513513514,0.8866666666666667,0.8707482993197276,0.03999114796289877
2019-12-02,0.8648648648648648,0.8648648648648647,0.8533333333333335,0.8775510204081629,0.02468481615216377
2019-12-03,0.8648648648648648,0.8513513513513514,0.846666666666667,0.8503401360544214,0.016106622940829287
2019-12-04,0.8581081081081082,0.831081081081081,0.8266666666666668,0.836734693877551,0.03135776733067553
2019-12-05,0.8513513513513515,0.8378378378378376,0.8333333333333334,0.8435374149659862,0.01965770890192325
2019-12-06,0.8445945945945944,0.8243243243243245,0.8266666666666668,0.8231292517006799,0.045356649268401224
2019-12-09,0.8243243243243246,0.8175675675675678,0.8066666666666666,0.8095238095238094,0.046108013294098874
2019-12-10,0.8175675675675679,0.7905405405405408,0.7866666666666671,0.8027210884353743,0.03540880636838653
2019-12-11,0.8040540540540541,0.8243243243243245,0.8000000000000002,0.8027210884353743,0.04811009612072296
2019-12-12,0.8310810810810811,0.8175675675675678,0.8066666666666666,0.8231292517006799,0.029690322369418102
2019-12-13,0.8513513513513515,0.8716216216216219,0.846666666666667,0.8435374149659862,0.07882592975798344
2019-12-16,0.8716216216216214,0.8445945945945948,0.8399999999999999,0.8503401360544214,0.07187166264471025
2019-12-17,0.8581081081081082,0.8851351351351352,0.8866666666666667,0.8435374149659862,0.15366319171735826
2019-12-18,0.8851351351351352,0.9054054054054056,0.9133333333333334,0.891156462585034,0.10824774673289816
2019-12-19,0.9121621621621623,0.9459459459459458,0.9333333333333336,0.9251700680272107,0.09345409366763348
2019-12-20,0.9459459459459459,0.9527027027027031,0.9333333333333336,0.9387755102040811,0.054228431996065495
2019-12-23,0.9527027027027025,0.9121621621621622,0.9199999999999999,0.9183673469387754,0.05336896196812438
2019-12-24,0.9054054054054056,0.898648648648649,0.8866666666666667,0.9047619047619044,0.010580139067275585
2019-12-25,0.9054054054054056,0.8783783783783785,0.8800000000000002,0.8979591836734692,0.018923660323425216
2019-12-26,0.8986486486486485,0.898648648648649,0.8800000000000002,0.891156462585034,0.02847515460336857
2019-12-27,0.8986486486486485,0.925675675675676,0.9266666666666671,0.9115646258503396,0.06276401640095024
2019-12-30,0.9189189189189189,0.9189189189189189,0.8933333333333332,0.8843537414965982,0.130280531479291
2019-12-31,0.9121621621621623,0.9121621621621622,0.9066666666666668,0.9047619047619044,0.07094570385406787
2020-01-02,0.9459459459459459,0.9729729729729729,0.9866666666666669,0.9523809523809522,0.15068571796882113
2020-01-03,0.9797297297297296,0.9864864864864867,0.9799999999999999,0.9863945578231289,0.08116145804875241
2020-01-06,0.9729729729729729,0.9729729729729729,1.0,0.9795918367346937,0.14359374574080522
2020-01-07,0.9864864864864867,1.0,0.9933333333333335,1.0,0.05140714011918774
2020-01-08,0.9729729729729729,0.9324324324324327,0.9466666666666667,0.945578231292517,0.08649410319655784
2020-01-09,0.9662162162162163,0.9324324324324327,0.9400000000000001,0.931972789115646,0.06897726455649023
2020-01-10,0.9391891891891893,0.9324324324324327,0.9199999999999999,0.9183673469387754,0.03546931968000378
2020-01-13,0.9324324324324327,0.9459459459459458,0.9199999999999999,0.9251700680272107,0.04484149664752783
2020-01-14,0.9459459459459459,0.9527027027027031,0.9400000000000001,0.9523809523809522,0.0681845463085741
2020-01-15,0.9527027027027025,0.9121621621621622,0.9266666666666671,0.9251700680272107,0.06156347424678605
2020-01-16,0.9121621621621623,0.8581081081081081,0.8933333333333332,0.8707482993197276,0.17932515336067473
2020-01-17,0.8716216216216214,0.8716216216216219,0.86,0.8775510204081629,0.04060466990317075
2020-01-20,0.8716216216216214,0.8851351351351352,0.8733333333333336,0.8775510204081629,0.04009286760200932
2020-01-21,0.8783783783783786,0.8378378378378376,0.8533333333333335,0.8503401360544214,0.07360758790559323
2020-01-22,0.8378378378378377,0.8513513513513514,0.8266666666666668,0.8163265306122447,0.06112654449055968
2020-01-23,0.8378378378378377,0.804054054054054,0.8200000000000003,0.8095238095238094,0.1213489925601651
2020-02-03,0.5270270270270271,0.6013513513513513,0.6866666666666669,0.5374149659863944,0.3465542147891278
2020-02-04,0.5878378378378377,0.6554054054054055,0.6533333333333337,0.5782312925170069,0.29054358328941565
2020-02-05,0.6554054054054056,0.6486486486486488,0.6466666666666665,0.6190476190476188,0.16405035925977415
2020-02-06,0.6621621621621623,0.6554054054054055,0.6533333333333337,0.6326530612244899,0.18937869645271585
2020-02-07,0.6418918918918918,0.6148648648648651,0.6133333333333333,0.6054421768707484,0.1526769187687911
2020-02-10,0.6013513513513515,0.6013513513513513,0.5866666666666666,0.5918367346938773,0.1131147755896573
2020-02-11,0.6148648648648648,0.6283783783783784,0.6133333333333333,0.6122448979591837,0.1200555859635607
2020-02-12,0.6351351351351352,0.6283783783783784,0.6133333333333333,0.6190476190476188,0.12460669992297482
2020-02-13,0.6283783783783786,0.5945945945945947,0.6000000000000002,0.6054421768707484,0.12095245991199823
2020-02-14,0.594594594594595,0.6081081081081079,0.5933333333333337,0.5986394557823126,0.07222340671985279
2020-02-17,0.6081081081081082,0.6486486486486488,0.6266666666666669,0.6122448979591837,0.13324548459484384
2020-02-18,0.6418918918918918,0.6283783783783784,0.6200000000000004,0.6326530612244899,0.10832819642153232
2020-02-19,0.6283783783783786,0.6418918918918922,0.6333333333333334,0.6394557823129251,0.12472262081694674
2020-02-20,0.648648648648649,0.6621621621621621,0.6466666666666665,0.6326530612244899,0.19162457449038453
2020-02-21,0.6554054054054056,0.6486486486486488,0.6466666666666665,0.6530612244897956,0.14124137929944977
2020-02-24,0.648648648648649,0.6148648648648651,0.6266666666666669,0.6258503401360541,0.11571179856076937
2020-02-25,0.594594594594595,0.5945945945945947,0.5800000000000001,0.5986394557823126,0.14663867544993384
2020-02-26,0.5810810810810811,0.5945945945945947,0.5933333333333337,0.5782312925170069,0.17002919259527646
2020-02-27,0.594594594594595,0.587837837837838,0.5800000000000001,0.5986394557823126,0.14027109326648837
2020-02-28,0.5743243243243246,0.5202702702702702,0.5533333333333333,0.523809523809524,0.30865388060578663
2020-03-02,0.5270270270270271,0.5608108108108111,0.5400000000000004,0.5306122448979591,0.15484771502410102
2020-03-03,0.5743243243243246,0.5743243243243242,0.566666666666667,0.5714285714285711,0.16787326984357875
2020-03-04,0.5743243243243246,0.5810810810810809,0.5599999999999999,0.5782312925170069,0.06609345438609583
2020-03-05,0.594594594594595,0.6283783783783784,0.6066666666666668,0.5918367346938773,0.2310113346929133
2020-03-06,0.6081081081081082,0.5945945945945947,0.5866666666666666,0.5986394557823126,0.11791399051336512
2020-03-09,0.5540540540540541,0.5270270270270268,0.5333333333333332,0.5374149659863944,0.19531683773101927
2020-03-10,0.5202702702702704,0.5608108108108111,0.5466666666666669,0.5306122448979591,0.1640226079910288
2020-03-11,0.5608108108108107,0.533783783783784,0.5466666666666669,0.5510204081632654,0.0956096802949558
2020-03-12,0.5270270270270271,0.5135135135135135,0.5133333333333336,0.517006802721088,0.1602208102195551
2020-03-13,0.4324324324324327,0.466216216216216,0.4799999999999998,0.4217687074829931,0.20511660691962058
2020-03-16,0.47297297297297297,0.43243243243243235,0.49333333333333346,0.4285714285714283,0.20910152945237614
2020-03-17,0.4324324324324327,0.43243243243243235,0.45333333333333375,0.41496598639455784,0.16981415702610347
2020-03-18,0.4459459459459459,0.39189189189189205,0.43333333333333357,0.4081632653061226,0.12342385639779822
2020-03-19,0.398648648648649,0.3108108108108109,0.38000000000000017,0.28571428571428553,0.19684868255643503
2020-03-20,0.3378378378378377,0.3716216216216216,0.3733333333333337,0.3333333333333333,0.13183266981387257
2020-03-23,0.3243243243243245,0.3108108108108109,0.3200000000000003,0.3197278911564629,0.07088971729747658
2020-03-24,0.3378378378378377,0.3986486486486487,0.38000000000000017,0.3469387755102038,0.14680533011682026
2020-03-25,0.4391891891891893,0.439189189189189,0.41999999999999993,0.4013605442176868,0.14835740542808146
2020-03-26,0.4121621621621623,0.439189189189189,0.4466666666666666,0.4081632653061226,0.0840183471776087
2020-03-27,0.46621621621621634,0.45945945945945943,0.4666666666666668,0.4557823129251698,0.09840752749664822
2020-03-30,0.4459459459459459,0.466216216216216,0.46000000000000024,0.43537414965986415,0.11744223995246744
2020-03-31,0.47297297297297297,0.41891891891891914,0.46000000000000024,0.41496598639455784,0.10123661241717004
2020-04-01,0.4256756756756761,0.4256756756756757,0.426666666666667,0.4217687074829931,0.038847936862827566
2020-04-02,0.41891891891891886,0.44594594594594616,0.426666666666667,0.4081632653061226,0.05651731294601409
2020-04-03,0.4324324324324327,0.4121621621621619,0.41999999999999993,0.41496598639455784,0.04535713244719089
2020-04-07,0.4459459459459459,0.4256756756756757,0.426666666666667,0.4217687074829931,0.09636148548389617
2020-04-08,0.41891891891891886,0.4121621621621619,0.40000000000000036,0.41496598639455784,0.04020576337660249
2020-04-09,0.41891891891891886,0.4054054054054053,0.40000000000000036,0.41496598639455784,0.015087005613909823
2020-04-10,0.4121621621621623,0.39189189189189205,0.39333333333333326,0.4013605442176868,0.03544336499604502
2020-04-13,0.39189189189189183,0.38513513513513487,0.3866666666666667,0.3945578231292516,0.02510906813726034
2020-04-14,0.398648648648649,0.3986486486486487,0.3866666666666667,0.4013605442176868,0.0274729157469691
2020-04-15,0.398648648648649,0.4054054054054053,0.3866666666666667,0.4013605442176868,0.032751559992931
2020-04-16,0.398648648648649,0.3986486486486487,0.3866666666666667,0.4013605442176868,0.012130019486365304
2020-04-17,0.4121621621621623,0.41891891891891914,0.4133333333333334,0.4081632653061226,0.06942384780477856
2020-04-20,0.41891891891891886,0.3986486486486487,0.40000000000000036,0.41496598639455784,0.04048677427849325
2020-04-21,0.398648648648649,0.3716216216216216,0.38000000000000017,0.3809523809523811,0.05207984095730655
2020-04-22,0.371621621621622,0.37837837837837823,0.36666666666666653,0.36734693877551006,0.02691544254629791
2020-04-23,0.3851351351351352,0.364864864864865,0.36000000000000004,0.36734693877551006,0.04009478519157107
2020-04-24,0.3648648648648648,0.35135135135135115,0.34666666666666696,0.36054421768707484,0.01106454218997489
2020-04-27,0.35810810810810817,0.37837837837837823,0.3733333333333337,0.36734693877551006,0.051823378058863424
2020-04-28,0.3851351351351352,0.39189189189189205,0.38000000000000017,0.36054421768707484,0.07973340170797788
2020-04-29,0.39189189189189183,0.41891891891891914,0.40000000000000036,0.38775510204081637,0.054999711391006595
2020-04-30,0.4256756756756761,0.43243243243243235,0.41999999999999993,0.4285714285714283,0.040701210705967064
2020-05-06,0.40540540540540565,0.39189189189189205,0.38000000000000017,0.38775510204081637,0.08943697630188957
2020-05-07,0.39189189189189183,0.38513513513513487,0.3733333333333337,0.3945578231292516,0.01955417755242921
2020-05-08,0.39189189189189183,0.38513513513513487,0.38000000000000017,0.3945578231292516,0.04974622353361185
2020-05-11,0.398648648648649,0.4121621621621619,0.39333333333333326,0.4013605442176868,0.04825390525412321
2020-05-12,0.4121621621621623,0.4054054054054053,0.40000000000000036,0.4081632653061226,0.03865771651598068
2020-05-13,0.40540540540540565,0.4054054054054053,0.3866666666666667,0.4081632653061226,0.0
2020-05-14,0.40540540540540565,0.38513513513513487,0.3866666666666667,0.3945578231292516,0.0214485005849165
2020-05-15,0.39189189189189183,0.37837837837837823,0.38000000000000017,0.38775510204081637,0.03384613809743408
2020-05-18,0.3851351351351352,0.38513513513513487,0.36666666666666653,0.3809523809523811,0.031923296592314535
2020-05-19,0.40540540540540565,0.3986486486486487,0.3866666666666667,0.4013605442176868,0.06768879478664977
2020-05-20,0.398648648648649,0.3986486486486487,0.38000000000000017,0.4013605442176868,0.02616463564675251
2020-05-21,0.40540540540540565,0.38513513513513487,0.3866666666666667,0.4013605442176868,0.021322963172563908
2020-05-22,0.39189189189189183,0.35135135135135115,0.3733333333333337,0.36734693877551006,0.07373650252760781
2020-05-25,0.3648648648648648,0.37837837837837823,0.36666666666666653,0.36054421768707484,0.04191342309844573
2020-05-26,0.39189189189189183,0.3716216216216216,0.3733333333333337,0.38775510204081637,0.031002520839541116
2020-05-27,0.3783783783783786,0.3986486486486487,0.3866666666666667,0.38775510204081637,0.05375131352889242
2020-05-28,0.40540540540540565,0.43243243243243235,0.41999999999999993,0.41496598639455784,0.07571261974623095
2020-05-29,0.41891891891891886,0.3986486486486487,0.40000000000000036,0.4013605442176868,0.05893385729498981
2020-06-01,0.4121621621621623,0.4256756756756757,0.4066666666666669,0.41496598639455784,0.04149444406448851
2020-06-02,0.4256756756756761,0.44594594594594616,0.426666666666667,0.4217687074829931,0.08167921563353528
2020-06-03,0.45945945945945976,0.44594594594594616,0.46000000000000024,0.4557823129251698,0.06631629392295507
2020-06-04,0.45945945945945976,0.439189189189189,0.4400000000000001,0.4489795918367346,0.01744997509868782
2020-06-05,0.45270270270270313,0.45945945945945943,0.4466666666666666,0.44217687074829937,0.04557656872474903
2020-06-08,0.47297297297297297,0.4797297297297299,0.47333333333333333,0.4693877551020409,0.09688902176707087
2020-06-09,0.4864864864864868,0.4932432432432431,0.48666666666666697,0.48979591836734715,0.052980349250553276
2020-06-10,0.5067567567567566,0.4999999999999997,0.48666666666666697,0.5034013605442176,0.06259320135460712
2020-06-11,0.5067567567567566,0.4999999999999997,0.5,0.49659863945578236,0.12295978459825693
2020-06-12,0.47972972972973016,0.466216216216216,0.5133333333333336,0.4693877551020409,0.27234309960156566
2020-06-15,0.4864864864864868,0.4797297297297299,0.5066666666666665,0.48979591836734715,0.13482753799883754
2020-06-16,0.5067567567567566,0.5202702702702702,0.5066666666666665,0.5102040816326529,0.05664533431750102
2020-06-17,0.5135135135135138,0.4932432432432431,0.5,0.5034013605442176,0.027189478867398767
2020-06-18,0.45945945945945976,0.44594594594594616,0.4466666666666666,0.44217687074829937,0.13053178444991517
2020-06-19,0.4459459459459459,0.4527027027027028,0.4400000000000001,0.43537414965986415,0.12014519504142497
2020-06-22,0.45945945945945976,0.4256756756756757,0.4466666666666666,0.44217687074829937,0.0851705075891754
2020-06-23,0.4324324324324327,0.4121621621621619,0.4066666666666669,0.41496598639455784,0.10442167489934277
2020-06-24,0.4256756756756761,0.466216216216216,0.46000000000000024,0.4285714285714283,0.1164206739444815
2020-06-29,0.5135135135135138,0.48648648648648646,0.5066666666666665,0.4693877551020409,0.20542937065094605
2020-06-30,0.3243243243243245,0.3040540540540543,0.3200000000000003,0.30612244897959184,0.13271188714886945
2020-07-01,0.3108108108108113,0.3108108108108109,0.2933333333333336,0.2789115646258503,0.11740354363374757
2020-07-02,0.3108108108108113,0.3581081081081078,0.34666666666666696,0.30612244897959184,0.23361608852465995
2020-07-03,0.3648648648648648,0.4256756756756757,0.41999999999999993,0.37414965986394527,0.24691087896884664
2020-07-06,0.45945945945945976,0.7229729729729728,0.706666666666667,0.4625850340136057,0.5804293451265014
2020-07-07,0.7770270270270271,0.6959459459459457,0.8666666666666666,0.7142857142857139,0.4763121728616472
2020-07-08,0.6756756756756754,0.635135135135135,0.6933333333333334,0.5918367346938773,0.468408670344734
2020-07-09,0.6148648648648648,0.5743243243243242,0.6000000000000002,0.5714285714285711,0.43167951953198624
2020-07-10,0.5675675675675679,0.466216216216216,0.5466666666666669,0.4693877551020409,0.47935649334534536
2020-07-13,0.45945945945945976,0.45945945945945943,0.4666666666666668,0.44217687074829937,0.4649443624539524
2020-07-14,0.45270270270270313,0.4121621621621619,0.43333333333333357,0.4217687074829931,0.34309394039085117
2020-07-15,0.4324324324324327,0.3716216216216216,0.41999999999999993,0.3809523809523811,0.3407640522671017
2020-07-16,0.3783783783783786,0.3581081081081078,0.3866666666666667,0.36734693877551006,0.3669283097739319
2020-07-17,0.3648648648648648,0.3581081081081078,0.3533333333333335,0.3537414965986396,0.2032727126271771
2020-07-20,0.371621621621622,0.4054054054054053,0.39333333333333326,0.36734693877551006,0.2781129686144259
2020-07-21,0.4121621621621623,0.38513513513513487,0.39333333333333326,0.3945578231292516,0.1433786681560853
2020-07-22,0.39189189189189183,0.37837837837837823,0.39333333333333326,0.3809523809523811,0.19918149076069594
2020-07-23,0.371621621621622,0.33783783783783794,0.3533333333333335,0.3469387755102038,0.2684865345646724
2020-07-24,0.34459459459459496,0.3040540540540543,0.3200000000000003,0.30612244897959184,0.2589275144599635
2020-07-27,0.3108108108108113,0.29729729729729704,0.3000000000000001,0.2993197278911566,0.13613581809905412
2020-07-28,0.31756756756756793,0.3040540540540543,0.3000000000000001,0.30612244897959184,0.10017898698618936
2020-07-29,0.3040540540540541,0.33108108108108075,0.3133333333333332,0.28571428571428553,0.18506054861728133
2020-07-30,0.3378378378378377,0.3040540540540543,0.3133333333333332,0.3197278911564629,0.08248058824380747
2020-07-31,0.3108108108108113,0.29054054054054046,0.30666666666666664,0.2993197278911566,0.16750695729769466
2020-08-03,0.3108108108108113,0.3040540540540543,0.3000000000000001,0.30612244897959184,0.15886814069401
2020-08-04,0.31756756756756793,0.35135135135135115,0.34666666666666696,0.31292517006802706,0.2904051210545173
2020-08-05,0.3378378378378377,0.3175675675675675,0.3200000000000003,0.3265306122448981,0.12571386168378257
2020-08-06,0.33108108108108114,0.33108108108108075,0.3200000000000003,0.3197278911564629,0.12965916355578586
2020-08-07,0.33108108108108114,0.3040540540540543,0.30666666666666664,0.31292517006802706,0.11471526289470979
2020-08-10,0.3040540540540541,0.3108108108108109,0.3000000000000001,0.30612244897959184,0.12214666780230769
2020-08-11,0.3108108108108113,0.3040540540540543,0.3133333333333332,0.31292517006802706,0.18578983347306877
2020-08-12,0.3040540540540541,0.3108108108108109,0.2933333333333336,0.30612244897959184,0.14283973473565117
2020-08-13,0.3108108108108113,0.3040540540540543,0.3000000000000001,0.31292517006802706,0.05105302300595472
2020-08-14,0.3108108108108113,0.33108108108108075,0.3133333333333332,0.31292517006802706,0.12853096208969889
2020-08-17,0.3378378378378377,0.37837837837837823,0.3733333333333337,0.3469387755102038,0.4143281910553067
2020-08-18,0.3851351351351352,0.35135135135135115,0.36000000000000004,0.36054421768707484,0.1525731403678811
2020-08-19,0.3648648648648648,0.33783783783783794,0.34666666666666696,0.3537414965986396,0.09023016764486408
2020-08-20,0.3378378378378377,0.3175675675675675,0.3200000000000003,0.3265306122448981,0.09127231034680211
2020-08-21,0.33108108108108114,0.3243243243243241,0.3133333333333332,0.3265306122448981,0.06265061643979396
2020-08-24,0.33108108108108114,0.3108108108108109,0.3133333333333332,0.3265306122448981,0.05415853829344132
2020-08-25,0.3243243243243245,0.3175675675675675,0.30666666666666664,0.3197278911564629,0.08341828113639561
2020-08-26,0.3243243243243245,0.3040540540540543,0.3000000000000001,0.31292517006802706,0.0805305525960948
2020-08-27,0.3108108108108113,0.29729729729729704,0.28666666666666707,0.30612244897959184,0.07229837253930205
2020-08-28,0.3040540540540541,0.3175675675675675,0.30666666666666664,0.30612244897959184,0.13002957261749531
2020-08-31,0.31756756756756793,0.29054054054054046,0.30666666666666664,0.30612244897959184,0.17438168814032393
2020-09-01,0.2972972972972975,0.29054054054054046,0.27999999999999997,0.29251700680272136,0.08488851016224278
2020-09-02,0.2972972972972975,0.2635135135135134,0.27333333333333343,0.2789115646258503,0.18257673653736436
2020-09-03,0.27027027027027045,0.25675675675675674,0.2600000000000004,0.258503401360544,0.10784479663009365
2020-09-04,0.25,0.25000000000000017,0.2400000000000002,0.2517006802721088,0.07168808663645439
2020-09-07,0.25,0.25000000000000017,0.24666666666666673,0.2517006802721088,0.0814553047002294
2020-09-08,0.2567567567567572,0.2837837837837838,0.27333333333333343,0.258503401360544,0.12093760825647042
2020-09-09,0.27702702702702703,0.2770270270270272,0.2666666666666669,0.2789115646258503,0.08882595512697068
2020-09-10,0.28378378378378427,0.25675675675675674,0.2666666666666669,0.2653061224489799,0.07462786235566662
2020-09-11,0.2567567567567572,0.27027027027027,0.2666666666666669,0.2653061224489799,0.07882300883716109
2020-09-14,0.27702702702702703,0.27027027027027,0.2600000000000004,0.2721088435374151,0.03960309825365648
2020-09-15,0.27027027027027045,0.2635135135135134,0.25333333333333324,0.2721088435374151,0.022839719374767222
2020-09-16,0.27027027027027045,0.2770270270270272,0.2600000000000004,0.2653061224489799,0.04368575399043014
2020-09-17,0.28378378378378427,0.2770270270270272,0.2666666666666669,0.2789115646258503,0.0548372994540489
2020-09-18,0.29054054054054085,0.3040540540540543,0.28666666666666707,0.28571428571428553,0.17235315652690922
2020-09-21,0.3040540540540541,0.29054054054054046,0.2933333333333336,0.29251700680272136,0.055576910050649145
2020-09-22,0.29054054054054085,0.27027027027027,0.27333333333333343,0.2789115646258503,0.04544149966542054
2020-09-23,0.27702702702702703,0.2635135135135134,0.2600000000000004,0.2721088435374151,0.03777668242873467
2020-09-24,0.2635135135135138,0.25000000000000017,0.24666666666666673,0.2517006802721088,0.05963560095976653
2020-09-25,0.2567567567567572,0.24324324324324292,0.2400000000000002,0.2517006802721088,0.04401021905157481
2020-09-28,0.2567567567567572,0.2770270270270272,0.2600000000000004,0.2517006802721088,0.0906163426204025
2020-09-29,0.28378378378378427,0.25675675675675674,0.2666666666666669,0.2721088435374151,0.05040641382247765
2020-09-30,0.27027027027027045,0.2635135135135134,0.2666666666666669,0.2721088435374151,0.08033898270988062
2020-10-09,0.28378378378378427,0.25675675675675674,0.2600000000000004,0.2721088435374151,0.0616539547270936
2020-10-12,0.27027027027027045,0.29054054054054046,0.27999999999999997,0.2721088435374151,0.16547052676145765
2020-10-13,0.29054054054054085,0.2635135135135134,0.27333333333333343,0.2721088435374151,0.09395151572770363
2020-10-14,0.27027027027027045,0.2635135135135134,0.25333333333333324,0.2721088435374151,0.07161205950428977
2020-10-15,0.27027027027027045,0.27027027027027,0.2666666666666669,0.2653061224489799,0.12228450064431302
2020-10-16,0.27027027027027045,0.3108108108108109,0.3133333333333332,0.2789115646258503,0.3742137635955472
2020-10-19,0.31756756756756793,0.33108108108108075,0.3533333333333335,0.3197278911564629,0.24384836575332902
2020-10-20,0.33108108108108114,0.3040540540540543,0.30666666666666664,0.2993197278911566,0.15550929182601542
2020-10-21,0.3108108108108113,0.35135135135135115,0.34666666666666696,0.2993197278911566,0.22709248160770062
2020-10-22,0.35810810810810817,0.3581081081081078,0.34666666666666696,0.3469387755102038,0.1138078741354983
2020-10-23,0.35810810810810817,0.3581081081081078,0.3533333333333335,0.3537414965986396,0.1512455121083046
2020-10-26,0.3648648648648648,0.33108108108108075,0.34666666666666696,0.3401360544217686,0.10432926086356566
2020-10-27,0.33108108108108114,0.33783783783783794,0.3266666666666668,0.3333333333333333,0.0875334098490783
2020-10-28,0.3378378378378377,0.3175675675675675,0.3200000000000003,0.3197278911564629,0.10624543282076598
2020-10-29,0.3108108108108113,0.29054054054054046,0.2933333333333336,0.2993197278911566,0.09396199860666195
2020-10-30,0.2972972972972975,0.2635135135135134,0.28666666666666707,0.2721088435374151,0.1303627348968539
2020-11-02,0.27027027027027045,0.2770270270270272,0.2666666666666669,0.2721088435374151,0.08537449306950655
2020-11-03,0.29054054054054085,0.2837837837837838,0.28666666666666707,0.29251700680272136,0.06699747097751096
2020-11-04,0.3040540540540541,0.2837837837837838,0.28666666666666707,0.28571428571428553,0.07635945917490519
2020-11-05,0.3040540540540541,0.2837837837837838,0.2933333333333336,0.29251700680272136,0.09084345765931702
2020-11-06,0.29054054054054085,0.29054054054054046,0.28666666666666707,0.28571428571428553,0.09271211003294277
2020-11-09,0.3040540540540541,0.3040540540540543,0.2933333333333336,0.30612244897959184,0.14283110054075765
2020-11-10,0.33108108108108114,0.33108108108108075,0.3333333333333333,0.3333333333333333,0.17103718758160497
2020-11-11,0.33108108108108114,0.364864864864865,0.3533333333333335,0.3333333333333333,0.21342509729336426
2020-11-12,0.3648648648648648,0.3243243243243241,0.33999999999999986,0.3401360544217686,0.07079384874343109
2020-11-13,0.33108108108108114,0.29054054054054046,0.30666666666666664,0.2993197278911566,0.11481789595181055
2020-11-16,0.3040540540540541,0.3040540540540543,0.2933333333333336,0.30612244897959184,0.06101798640103128
2020-11-17,0.3108108108108113,0.3175675675675675,0.3000000000000001,0.31292517006802706,0.05580106299350532
2020-11-18,0.3243243243243245,0.33783783783783794,0.3333333333333333,0.3197278911564629,0.11590728597657905
2020-11-19,0.3378378378378377,0.34459459459459457,0.3333333333333333,0.3469387755102038,0.08314152472878668
2020-11-20,0.35810810810810817,0.33783783783783794,0.33999999999999986,0.3401360544217686,0.059615045273587894
2020-11-23,0.33108108108108114,0.364864864864865,0.3533333333333335,0.3401360544217686,0.19071027417370354
2020-11-24,0.371621621621622,0.35135135135135115,0.36000000000000004,0.36734693877551006,0.11234118533963519
2020-11-25,0.3783783783783786,0.34459459459459457,0.3733333333333337,0.36054421768707484,0.12156353402650623
2020-11-26,0.35135135135135154,0.37837837837837823,0.36666666666666653,0.3537414965986396,0.11912605501111861
2020-11-27,0.398648648648649,0.5810810810810809,0.5599999999999999,0.4081632653061226,0.734533842099143
2020-11-30,0.6351351351351352,0.533783783783784,0.7266666666666666,0.5442176870748295,1.0
2020-12-01,0.5337837837837837,0.635135135135135,0.6333333333333334,0.523809523809524,0.39893394675449234
2020-12-02,0.621621621621622,0.6216216216216218,0.6533333333333337,0.5714285714285711,0.24888464331684185
2020-12-03,0.6283783783783786,0.5743243243243242,0.6200000000000004,0.5646258503401359,0.1875354744090232
2020-12-04,0.5810810810810811,0.5270270270270268,0.5533333333333333,0.4829931972789113,0.23079348408209618
2020-12-07,0.5202702702702704,0.44594594594594616,0.5200000000000001,0.4489795918367346,0.18467873233458115
2020-12-08,0.45270270270270313,0.3986486486486487,0.4466666666666666,0.4081632653061226,0.17686730688875874
2020-12-09,0.41891891891891886,0.38513513513513487,0.4066666666666669,0.3945578231292516,0.15805795490261437
2020-12-10,0.39189189189189183,0.3581081081081078,0.3733333333333337,0.36054421768707484,0.17129287319242992
2020-12-11,0.3648648648648648,0.3716216216216216,0.3533333333333335,0.3469387755102038,0.18793155496990513
2020-12-14,0.371621621621622,0.35135135135135115,0.36000000000000004,0.3537414965986396,0.18190877337231706
2020-12-15,0.35810810810810817,0.3243243243243241,0.3333333333333333,0.3197278911564629,0.2395926530206282
2020-12-16,0.33108108108108114,0.3175675675675675,0.3333333333333333,0.3265306122448981,0.17683459778547597
2020-12-17,0.3243243243243245,0.33783783783783794,0.3266666666666668,0.30612244897959184,0.2315055425636435
2020-12-18,0.33108108108108114,0.3175675675675675,0.3200000000000003,0.3197278911564629,0.13793212978460265
2020-12-21,0.33108108108108114,0.3175675675675675,0.3133333333333332,0.3197278911564629,0.1262153802596781
2020-12-22,0.31756756756756793,0.2770270270270272,0.3000000000000001,0.2789115646258503,0.2605983887301611
2020-12-23,0.28378378378378427,0.29054054054054046,0.27999999999999997,0.28571428571428553,0.13740626319926286
2020-12-24,0.2972972972972975,0.29054054054054046,0.28666666666666707,0.29251700680272136,0.0559939034298586
2020-12-25,0.2972972972972975,0.29729729729729704,0.27999999999999997,0.2993197278911566,0.08206128400951702
2020-12-28,0.2972972972972975,0.29729729729729704,0.27999999999999997,0.28571428571428553,0.14814579412598303
2020-12-29,0.3040540540540541,0.3040540540540543,0.28666666666666707,0.2993197278911566,0.1668641614452567
2020-12-30,0.3040540540540541,0.29054054054054046,0.28666666666666707,0.29251700680272136,0.16676010994329168
2020-12-31,0.29054054054054085,0.3108108108108109,0.30666666666666664,0.2993197278911566,0.21375491933674212
2021-01-04,0.3040540540540541,0.3243243243243241,0.30666666666666664,0.2993197278911566,0.25068421120727724
2021-01-05,0.31756756756756793,0.29729729729729704,0.2933333333333336,0.29251700680272136,0.26501924357005896
2021-01-06,0.2972972972972975,0.29729729729729704,0.28666666666666707,0.2993197278911566,0.24427026486779768
2021-01-07,0.3040540540540541,0.3175675675675675,0.3000000000000001,0.2993197278911566,0.22135418727835607
2021-01-08,0.3243243243243245,0.3175675675675675,0.3200000000000003,0.3197278911564629,0.24081207023909396
2021-01-11,0.3243243243243245,0.3108108108108109,0.3266666666666668,0.3197278911564629,0.36975654429978394
2021-01-12,0.31756756756756793,0.33108108108108075,0.3133333333333332,0.30612244897959184,0.24778053776691758
2021-01-13,0.34459459459459496,0.3581081081081078,0.33999999999999986,0.3333333333333333,0.29328211462257825
2021-01-14,0.35810810810810817,0.3716216216216216,0.40000000000000036,0.36054421768707484,0.2796399606441716
2021-01-15,0.39189189189189183,0.41891891891891914,0.47333333333333333,0.4013605442176868,0.5420302864011353
2021-01-18,0.4121621621621623,0.4121621621621619,0.41999999999999993,0.38775510204081637,0.28785839069307706
2021-01-19,0.41891891891891886,0.4527027027027028,0.4466666666666666,0.4013605442176868,0.317167784988457
2021-01-20,0.4459459459459459,0.41891891891891914,0.4666666666666668,0.4217687074829931,0.21758881698606816
2021-01-21,0.4324324324324327,0.4054054054054053,0.4133333333333334,0.4013605442176868,0.15970067875637084
2021-01-22,0.40540540540540565,0.34459459459459457,0.38000000000000017,0.3537414965986396,0.18638149640489646
2021-01-25,0.34459459459459496,0.35135135135135115,0.3333333333333333,0.3265306122448981,0.13732962684166777
2021-01-26,0.34459459459459496,0.33783783783783794,0.34666666666666696,0.3401360544217686,0.13003925720106202
2021-01-27,0.35135135135135154,0.364864864864865,0.40000000000000036,0.3537414965986396,0.2649992861852686
2021-01-28,0.35810810810810817,0.33783783783783794,0.34666666666666696,0.3401360544217686,0.19281058934904322
2021-01-29,0.34459459459459496,0.37837837837837823,0.38000000000000017,0.3469387755102038,0.2987437155676343
2021-02-01,0.3783783783783786,0.4121621621621619,0.40000000000000036,0.36734693877551006,0.27368438291389346
2021-02-02,0.41891891891891886,0.37837837837837823,0.41999999999999993,0.38775510204081637,0.17173483473055629
2021-02-03,0.3851351351351352,0.34459459459459457,0.38000000000000017,0.3537414965986396,0.2369087839140178
2021-02-04,0.35135135135135154,0.364864864864865,0.38000000000000017,0.3537414965986396,0.1653866217142442
2021-02-05,0.371621621621622,0.439189189189189,0.4400000000000001,0.37414965986394527,0.4521849551164845
2021-02-08,0.4459459459459459,0.4256756756756757,0.43333333333333357,0.41496598639455784,0.2617559380557767
2021-02-09,0.41891891891891886,0.41891891891891914,0.40000000000000036,0.4081632653061226,0.187112734983616
2021-02-10,0.4864864864864868,0.48648648648648646,0.5466666666666669,0.4761904761904761,0.5118133772999031
2021-02-18,0.5472972972972975,0.4797297297297299,0.5200000000000001,0.4829931972789113,0.22921405664978545
2021-02-19,0.47297297297297297,0.4797297297297299,0.5,0.4761904761904761,0.15695756772859318
2021-02-22,0.49324324324324337,0.5675675675675677,0.5733333333333336,0.49659863945578236,0.459191257644316
2021-02-23,0.5608108108108107,0.5743243243243242,0.6000000000000002,0.5510204081632654,0.34580684224038827
2021-02-24,0.5743243243243246,0.5202702702702702,0.5800000000000001,0.49659863945578236,0.27683012892787373
2021-02-25,0.5202702702702704,0.6148648648648651,0.6200000000000004,0.523809523809524,0.3815618205820839
2021-02-26,0.5878378378378377,0.5675675675675677,0.6266666666666669,0.5714285714285711,0.3189333623014283
2021-03-01,0.5675675675675679,0.5472972972972973,0.5800000000000001,0.5510204081632654,0.15548719164833175
2021-03-02,0.5608108108108107,0.5135135135135135,0.5333333333333332,0.49659863945578236,0.1633591825050496
2021-03-03,0.5135135135135138,0.6216216216216218,0.6200000000000004,0.5102040816326529,0.3287994530308541
2021-03-04,0.6148648648648648,0.6216216216216218,0.64,0.6122448979591837,0.26704344758214016
2021-03-05,0.6148648648648648,0.702702702702703,0.6933333333333334,0.5850340136054422,0.3555744905433638
2021-03-08,0.7162162162162163,0.6756756756756759,0.706666666666667,0.6802721088435372,0.3138899841104848
2021-03-09,0.7094594594594598,0.6283783783783784,0.7200000000000001,0.6258503401360541,0.3451719873263195
2021-03-10,0.621621621621622,0.587837837837838,0.6066666666666668,0.5714285714285711,0.21104939121569077
2021-03-11,0.6283783783783786,0.6418918918918922,0.6600000000000001,0.6258503401360541,0.19057815628639121
2021-03-12,0.6418918918918918,0.6148648648648651,0.6333333333333334,0.6258503401360541,0.1085796174543442
2021-03-15,0.6283783783783786,0.6891891891891891,0.6866666666666669,0.6190476190476188,0.20853961352777287
2021-03-16,0.7027027027027025,0.7229729729729728,0.7200000000000001,0.7006802721088434,0.18272727824200424
2021-03-17,0.7162162162162163,0.6756756756756759,0.6999999999999998,0.6598639455782315,0.12443779742432781
2021-03-18,0.6756756756756754,0.6418918918918922,0.6600000000000001,0.6462585034013604,0.14194211459110023
2021-03-19,0.6554054054054056,0.5608108108108111,0.6333333333333334,0.5510204081632654,0.23268420470158996
2021-03-22,0.5405405405405409,0.6013513513513513,0.6000000000000002,0.5510204081632654,0.1486538041038788
2021-03-23,0.594594594594595,0.587837837837838,0.6333333333333334,0.5714285714285711,0.2271739497531923
2021-03-24,0.5743243243243246,0.5945945945945947,0.5866666666666666,0.5578231292517006,0.11290051646779153
2021-03-25,0.6013513513513515,0.5608108108108111,0.6066666666666668,0.5714285714285711,0.12753129626539325
2021-03-26,0.5743243243243246,0.5540540540540538,0.5533333333333333,0.5374149659863944,0.16097866564725297
2021-03-29,0.5743243243243246,0.6283783783783784,0.6133333333333333,0.5578231292517006,0.24564133720289685
2021-03-30,0.6351351351351352,0.6418918918918922,0.6200000000000004,0.6258503401360541,0.11568506574888153
2021-03-31,0.6418918918918918,0.6824324324324325,0.6666666666666666,0.6326530612244899,0.15697584449150648
2021-04-01,0.6689189189189189,0.6554054054054055,0.6600000000000001,0.6530612244897956,0.06457632508583581
2021-04-02,0.6621621621621623,0.6013513513513513,0.64,0.6054421768707484,0.10852844251818697
2021-04-06,0.6081081081081082,0.6013513513513513,0.5866666666666666,0.5850340136054422,0.05652453962008555
2021-04-07,0.6081081081081082,0.6216216216216218,0.6066666666666668,0.6054421768707484,0.1008946058651833
2021-04-08,0.6351351351351352,0.6148648648648651,0.6133333333333333,0.6122448979591837,0.05742965869945207
2021-04-09,0.621621621621622,0.6013513513513513,0.5933333333333337,0.6054421768707484,0.06344311368593325
2021-04-12,0.6081081081081082,0.6418918918918922,0.6333333333333334,0.5986394557823126,0.1378166920694204
2021-04-13,0.648648648648649,0.6621621621621621,0.6533333333333337,0.6394557823129251,0.09941642497692471
2021-04-14,0.6689189189189189,0.6216216216216218,0.6466666666666665,0.6258503401360541,0.08213694308549058
2021-04-15,0.6148648648648648,0.6216216216216218,0.6000000000000002,0.5986394557823126,0.08536532359654517
2021-04-16,0.6148648648648648,0.6081081081081079,0.6066666666666668,0.6122448979591837,0.04642405423808465
2021-04-19,0.621621621621622,0.6148648648648651,0.6066666666666668,0.6122448979591837,0.10094344893848607
2021-04-20,0.6148648648648648,0.5810810810810809,0.5933333333333337,0.5918367346938773,0.10205043255337484
2021-04-21,0.5810810810810811,0.5675675675675677,0.5733333333333336,0.5850340136054422,0.06700365734664053
2021-04-22,0.5810810810810811,0.5405405405405406,0.5599999999999999,0.5442176870748295,0.13097954413351745
2021-04-23,0.5337837837837837,0.5135135135135135,0.5266666666666667,0.517006802721088,0.09182081238789344
2021-04-26,0.5337837837837837,0.4999999999999997,0.5133333333333336,0.5102040816326529,0.0966904781403777
2021-04-27,0.5,0.4797297297297299,0.4799999999999998,0.4829931972789113,0.07856550647408697
2021-04-28,0.4864864864864868,0.4527027027027028,0.4666666666666668,0.4557823129251698,0.107012269491775
2021-04-29,0.45945945945945976,0.466216216216216,0.46000000000000024,0.4557823129251698,0.11206327266417486
2021-04-30,0.46621621621621634,0.4054054054054053,0.4466666666666666,0.38775510204081637,0.28580714967654824
2021-05-06,0.398648648648649,0.3986486486486487,0.41999999999999993,0.4013605442176868,0.1347956692064933
2021-05-07,0.40540540540540565,0.466216216216216,0.45333333333333375,0.4081632653061226,0.19022037289653335
2021-05-10,0.46621621621621634,0.48648648648648646,0.4666666666666668,0.4557823129251698,0.12759544392181968
2021-05-11,0.4864864864864868,0.47297297297297325,0.4666666666666668,0.4761904761904761,0.07027026192166753
2021-05-12,0.47297297297297297,0.4932432432432431,0.48666666666666697,0.4761904761904761,0.07934074625448141
2021-05-13,0.49324324324324337,0.4797297297297299,0.48666666666666697,0.4761904761904761,0.07599902880559091
2021-05-14,0.4864864864864868,0.5067567567567569,0.48666666666666697,0.4761904761904761,0.08350381470620795
2021-05-17,0.5,0.4999999999999997,0.49333333333333346,0.49659863945578236,0.09684915993707924
2021-05-18,0.5067567567567566,0.4932432432432431,0.4799999999999998,0.48979591836734715,0.03866437093830299
2021-05-19,0.49324324324324337,0.45945945945945943,0.47333333333333333,0.4693877551020409,0.0777784821730904
2021-05-20,0.45945945945945976,0.47297297297297325,0.45333333333333375,0.4557823129251698,0.061011494999031045
2021-05-21,0.46621621621621634,0.43243243243243235,0.4466666666666666,0.44217687074829937,0.08095454156386762
2021-05-24,0.4391891891891893,0.44594594594594616,0.43333333333333357,0.44217687074829937,0.04278265081700521
2021-05-25,0.45270270270270313,0.4932432432432431,0.47333333333333333,0.44217687074829937,0.1773447715640385
2021-05-26,0.49324324324324337,0.4932432432432431,0.49333333333333346,0.48979591836734715,0.1260259531663572
2021-05-27,0.5,0.4932432432432431,0.48666666666666697,0.48979591836734715,0.10713087938075025
2021-05-28,0.5,0.4999999999999997,0.4799999999999998,0.48979591836734715,0.09610846786030107
2021-05-31,0.49324324324324337,0.45945945945945943,0.47333333333333333,0.4625850340136057,0.1985929789948878
2021-06-01,0.46621621621621634,0.439189189189189,0.4400000000000001,0.4489795918367346,0.1419168212318501
2021-06-02,0.4459459459459459,0.44594594594594616,0.4400000000000001,0.4285714285714283,0.16984123604609802
2021-06-03,0.45270270270270313,0.41891891891891914,0.43333333333333357,0.43537414965986415,0.11603091672341209
2021-06-04,0.4324324324324327,0.43243243243243235,0.43333333333333357,0.43537414965986415,0.15468477873311767
2021-06-07,0.4459459459459459,0.43243243243243235,0.41999999999999993,0.44217687074829937,0.07736590966972864
2021-06-08,0.4391891891891893,0.4527027027027028,0.43333333333333357,0.44217687074829937,0.11820823631253792
2021-06-09,0.45270270270270313,0.44594594594594616,0.4466666666666666,0.4557823129251698,0.1264828722391896
2021-06-10,0.45270270270270313,0.4527027027027028,0.4466666666666666,0.4557823129251698,0.12574850350222397
2021-06-11,0.45945945945945976,0.44594594594594616,0.43333333333333357,0.4489795918367346,0.09911067784193608
2021-06-15,0.4459459459459459,0.4256756756756757,0.426666666666667,0.43537414965986415,0.10552569557786226
2021-06-16,0.4324324324324327,0.43243243243243235,0.426666666666667,0.43537414965986415,0.0781716947527391
2021-06-17,0.4391891891891893,0.439189189189189,0.43333333333333357,0.43537414965986415,0.11785387718975461
2021-06-18,0.4391891891891893,0.439189189189189,0.41999999999999993,0.44217687074829937,0.08203186220262584
2021-06-21,0.4391891891891893,0.41891891891891914,0.41999999999999993,0.43537414965986415,0.12103524146348683
2021-06-22,0.4324324324324327,0.4256756756756757,0.41999999999999993,0.43537414965986415,0.10361542764531613
2021-06-23,0.4324324324324327,0.4121621621621619,0.4133333333333334,0.4285714285714283,0.16519784586190067
2021-06-24,0.41891891891891886,0.4527027027027028,0.43333333333333357,0.4285714285714283,0.16041679173819662
2021-06-25,0.45270270270270313,0.47297297297297325,0.4666666666666668,0.4557823129251698,0.16002161451157362
2021-06-28,0.47972972972973016,0.439189189189189,0.45333333333333375,0.44217687074829937,0.16974823463297484
2021-06-29,0.4459459459459459,0.43243243243243235,0.43333333333333357,0.44217687074829937,0.1403869511371399
2021-06-30,0.4459459459459459,0.43243243243243235,0.41999999999999993,0.44217687074829937,0.08344811217471386
2021-07-01,0.4391891891891893,0.4932432432432431,0.47333333333333333,0.44217687074829937,0.18603285139649522
2021-07-02,0.46621621621621634,0.48648648648648646,0.4799999999999998,0.4625850340136057,0.25172460018028653
2021-07-05,0.47972972972973016,0.4527027027027028,0.46000000000000024,0.4557823129251698,0.18532543563288334
2021-07-06,0.2972972972972975,0.2837837837837838,0.27333333333333343,0.28571428571428553,0.17657876512023676
2021-07-07,0.29054054054054085,0.2770270270270272,0.27333333333333343,0.2789115646258503,0.10255385191261338
2021-07-08,0.28378378378378427,0.24324324324324292,0.2666666666666669,0.2517006802721088,0.1955712628754364
2021-07-09,0.25,0.21621621621621587,0.2400000000000002,0.21768707482993208,0.1832836060988662
2021-07-12,0.2364864864864868,0.16216216216216175,0.22000000000000006,0.16326530612244905,0.3781813757229688
2021-07-13,0.16891891891891886,0.14864864864864852,0.15333333333333363,0.15646258503401383,0.19969992059422964
2021-07-14,0.15540540540540565,0.12162162162162146,0.13333333333333344,0.11564625850340127,0.20709869034590736
2021-07-15,0.1283783783783786,0.14864864864864852,0.1466666666666665,0.12244897959183709,0.186517794839128
2021-07-16,0.15540540540540565,0.1418918918918919,0.13333333333333344,0.13605442176870755,0.0964503693734205
2021-07-19,0.14189189189189244,0.1351351351351353,0.12666666666666693,0.1292517006802723,0.09474319367067785
2021-07-20,0.1283783783783786,0.12162162162162146,0.11333333333333329,0.1292517006802723,0.039431511801871766
2021-07-21,0.13513513513513523,0.10810810810810824,0.1200000000000004,0.12244897959183709,0.09159207975042222
2021-07-22,0.12162162162162199,0.12162162162162146,0.11333333333333329,0.12244897959183709,0.07731612124662
2021-07-23,0.1283783783783786,0.11486486486486486,0.11333333333333329,0.12244897959183709,0.07012104286644495
2021-07-26,0.11486486486486538,0.0945945945945944,0.10000000000000024,0.09523809523809558,0.1419819663373606
2021-07-27,0.09459459459459495,0.06081081081081073,0.08000000000000007,0.06802721088435408,0.12879544995760508
2021-07-28,0.0608108108108113,0.0945945945945944,0.0866666666666666,0.06122448979591824,0.16164675485894106
2021-07-29,0.10135135135135157,0.06081081081081073,0.08000000000000007,0.06802721088435408,0.09752028519218828
2021-07-30,0.0675675675675679,0.040540540540540286,0.046666666666666856,0.04081632653061257,0.10850021815438322
2021-08-02,0.04054054054054086,0.047297297297296904,0.040000000000000334,0.013605442176871057,0.1333524981928672
2021-08-03,0.04729729729729747,0.033783783783783675,0.02666666666666669,0.02721088435374151,0.06690368219303837
2021-08-04,0.04054054054054086,0.01351351351351323,0.020000000000000167,0.020408163265306284,0.07787487592147248
2021-08-05,0.02027027027027043,0.006756756756756615,0.013333333333333641,0.013605442176871057,0.04547690784743791
2021-08-06,0.02027027027027043,0.0,0.0,0.0,0.08664010722212957
2021-08-09,0.0,0.01351351351351323,0.013333333333333641,0.0,0.11506549356985206
2021-08-10,0.02027027027027043,0.020270270270269845,0.013333333333333641,0.0068027210884352264,0.10231716825304164
2021-08-11,0.03378378378378426,0.08108108108108118,0.07333333333333354,0.04081632653061257,0.23116889299388999
2021-08-12,0.07432432432432452,0.06756756756756735,0.08000000000000007,0.0748299319727893,0.05264558029668019
2021-08-13,0.07432432432432452,0.05405405405405412,0.05999999999999991,0.06122448979591824,0.03186022117264566
2021-08-16,0.0608108108108113,0.06081081081081073,0.05999999999999991,0.06122448979591824,0.05082311393316953
2021-08-17,0.0608108108108113,0.06081081081081073,0.05999999999999991,0.06122448979591824,0.11723201516341761
2021-08-18,0.0608108108108113,0.0945945945945944,0.0866666666666666,0.06122448979591824,0.1716071284756713
2021-08-19,0.09459459459459495,0.07432432432432397,0.08000000000000007,0.0748299319727893,0.07785540171547176
2021-08-20,0.08108108108108113,0.08783783783783779,0.08000000000000007,0.0748299319727893,0.11320211498767657
2021-08-23,0.08108108108108113,0.06756756756756735,0.08000000000000007,0.08163265306122452,0.05216621399774651
2021-08-24,0.07432432432432452,0.06756756756756735,0.06666666666666703,0.08163265306122452,0.0334654511926353
2021-08-25,0.08108108108108113,0.06756756756756735,0.05999999999999991,0.0748299319727893,0.03760960256451336
2021-08-26,0.0675675675675679,0.06081081081081073,0.05333333333333338,0.06122448979591824,0.05215078336798207
2021-08-27,0.0608108108108113,0.07432432432432397,0.05999999999999991,0.06122448979591824,0.050840234428231414
2021-08-30,0.07432432432432452,0.033783783783783675,0.05999999999999991,0.034013605442176735,0.1241967643153382
2021-08-31,0.04729729729729747,0.06081081081081073,0.046666666666666856,0.04081632653061257,0.11435239562367375
2021-09-01,0.0608108108108113,0.10135135135135102,0.09333333333333371,0.06122448979591824,0.17854534480970743
2021-09-02,0.10810810810810817,0.10810810810810824,0.09333333333333371,0.10204081632653081,0.07660470392231879
2021-09-03,0.11486486486486538,0.1351351351351353,0.13333333333333344,0.10204081632653081,0.12345487479547262
2021-09-06,0.12162162162162199,0.1351351351351353,0.13333333333333344,0.1292517006802723,0.08815574413016276
2021-09-07,0.14189189189189244,0.14864864864864852,0.1466666666666665,0.1292517006802723,0.11699086693182942
2021-09-08,0.14864864864864905,0.16216216216216175,0.15333333333333363,0.1496598639455786,0.10012475499883772
2021-09-09,0.16216216216216225,0.14864864864864852,0.1466666666666665,0.14285714285714277,0.0837653295540136
2021-09-10,0.15540540540540565,0.17567567567567557,0.18666666666666684,0.15646258503401383,0.1636348044928915
2021-09-13,0.17567567567567607,0.16216216216216175,0.15333333333333363,0.16326530612244905,0.09514578664133348
2021-09-14,0.16216216216216225,0.12162162162162146,0.15333333333333363,0.1292517006802723,0.10906591547820993
2021-09-15,0.12162162162162199,0.10135135135135102,0.11333333333333329,0.10204081632653081,0.10041178420767033
2021-09-16,0.10810810810810817,0.10135135135135102,0.10666666666666676,0.10884353741496604,0.09427786140472874
2021-09-17,0.10810810810810817,0.11486486486486486,0.10666666666666676,0.11564625850340127,0.0459054773501367
2021-09-22,0.08783783783783834,0.06756756756756735,0.07333333333333354,0.0748299319727893,0.13614550268262082
2021-09-23,0.08783783783783834,0.08783783783783779,0.0866666666666666,0.08163265306122452,0.0646095383756817
2021-09-24,0.08108108108108113,0.07432432432432397,0.08000000000000007,0.08163265306122452,0.04559813362436484
2021-09-27,0.07432432432432452,0.06756756756756735,0.06666666666666703,0.06122448979591824,0.09145972069387052
2021-09-28,0.0675675675675679,0.08783783783783779,0.0866666666666666,0.06802721088435408,0.09054478006025433
2021-09-29,0.08783783783783834,0.10135135135135102,0.10000000000000024,0.0748299319727893,0.1581344442057952
2021-09-30,0.10810810810810817,0.08783783783783779,0.0866666666666666,0.08163265306122452,0.07964898239047002
2021-10-08,0.09459459459459495,0.12162162162162146,0.1200000000000004,0.09523809523809558,0.10954848504244134
2021-10-11,0.13513513513513523,0.1418918918918919,0.1466666666666665,0.13605442176870755,0.10607618327370136
2021-10-12,0.14864864864864905,0.14864864864864852,0.13999999999999999,0.13605442176870755,0.07504192557063337
2021-10-13,0.14864864864864905,0.1283783783783781,0.13333333333333344,0.13605442176870755,0.047626875315514176
2021-10-14,0.13513513513513523,0.12162162162162146,0.1200000000000004,0.13605442176870755,0.013727056474704149
2021-10-15,0.13513513513513523,0.14864864864864852,0.13333333333333344,0.13605442176870755,0.05876364223065678
2021-10-18,0.15540540540540565,0.1351351351351353,0.1466666666666665,0.13605442176870755,0.051882146884972266
2021-10-19,0.13513513513513523,0.1283783783783781,0.12666666666666693,0.13605442176870755,0.04222948420989405
2021-10-20,0.14189189189189244,0.11486486486486486,0.1200000000000004,0.11564625850340127,0.043554676408059725
2021-10-21,0.12162162162162199,0.1418918918918919,0.12666666666666693,0.12244897959183709,0.06680774977536157
2021-10-22,0.14864864864864905,0.1351351351351353,0.13999999999999999,0.13605442176870755,0.031495368246861846
2021-10-25,0.1283783783783786,0.1283783783783781,0.1200000000000004,0.12244897959183709,0.04009491628007749
2021-10-26,0.13513513513513523,0.11486486486486486,0.12666666666666693,0.12244897959183709,0.053029486432684535
2021-10-27,0.12162162162162199,0.11486486486486486,0.10666666666666676,0.09523809523809558,0.05894209234218752
2021-10-28,0.10810810810810817,0.0945945945945944,0.10000000000000024,0.10884353741496604,0.019052222855156557
2021-10-29,0.10135135135135157,0.0945945945945944,0.09333333333333371,0.10204081632653081,0.04987479110720883
2021-11-01,0.10810810810810817,0.1351351351351353,0.1200000000000004,0.10884353741496604,0.11091726753023298
2021-11-02,0.14189189189189244,0.08108108108108118,0.1200000000000004,0.08843537414965975,0.13103916419460704
2021-11-03,0.10135135135135157,0.07432432432432397,0.08000000000000007,0.08163265306122452,0.07596558443023693
2021-11-04,0.08108108108108113,0.08108108108108118,0.06666666666666703,0.08163265306122452,0.03741910407474581
2021-11-05,0.08108108108108113,0.08783783783783779,0.08000000000000007,0.08163265306122452,0.04678319304948638
2021-11-08,0.08783783783783834,0.06756756756756735,0.07333333333333354,0.08163265306122452,0.07707559316450445
2021-11-09,0.08108108108108113,0.07432432432432397,0.06666666666666703,0.08163265306122452,0.026101402248627198
2021-11-10,0.08108108108108113,0.06081081081081073,0.05999999999999991,0.06802721088435408,0.05833397024000661
2021-11-11,0.0675675675675679,0.08783783783783779,0.07333333333333354,0.06802721088435408,0.04829931313630923
2021-11-12,0.09459459459459495,0.08108108108108118,0.07333333333333354,0.08163265306122452,0.03870117151554551
2021-11-15,0.08783783783783834,0.0945945945945944,0.0866666666666666,0.08843537414965975,0.028922667235554936
2021-11-16,0.09459459459459495,0.08108108108108118,0.0866666666666666,0.08843537414965975,0.03416154376635032
2021-11-17,0.08108108108108113,0.08108108108108118,0.07333333333333354,0.08843537414965975,0.029919486086400802
2021-11-18,0.08108108108108113,0.07432432432432397,0.06666666666666703,0.08163265306122452,0.017511559806751714
2021-11-19,0.08108108108108113,0.08783783783783779,0.08000000000000007,0.08163265306122452,0.037754529311461886
2021-11-22,0.08783783783783834,0.06756756756756735,0.07333333333333354,0.08163265306122452,0.05458231802379042
2021-11-23,0.07432432432432452,0.06756756756756735,0.06666666666666703,0.0748299319727893,0.027056310591413266
2021-11-24,0.07432432432432452,0.07432432432432397,0.05999999999999991,0.0748299319727893,0.012044354828046546
2021-11-25,0.08108108108108113,0.06756756756756735,0.05999999999999991,0.08163265306122452,0.0034153017971567906
2021-11-26,0.07432432432432452,0.05405405405405412,0.05999999999999991,0.06802721088435408,0.03551130413542618
2021-11-29,0.054054054054054085,0.033783783783783675,0.040000000000000334,0.034013605442176735,0.10640820104956164
2021-11-30,0.04054054054054086,0.033783783783783675,0.02666666666666669,0.04081632653061257,0.043743368229309416
2021-12-01,0.04054054054054086,0.047297297297296904,0.033333333333333215,0.04081632653061257,0.04678601817486177
2021-12-02,0.054054054054054085,0.05405405405405412,0.046666666666666856,0.04761904761904779,0.10322396879459617
2021-12-03,0.054054054054054085,0.05405405405405412,0.040000000000000334,0.04761904761904779,0.04803102286140612
2021-12-06,0.0608108108108113,0.06756756756756735,0.05999999999999991,0.06122448979591824,0.10415036958879219
2021-12-07,0.08108108108108113,0.08783783783783779,0.08000000000000007,0.0748299319727893,0.1261159403841438
2021-12-08,0.09459459459459495,0.07432432432432397,0.07333333333333354,0.08163265306122452,0.06897915525610195
2021-12-09,0.08783783783783834,0.08783783783783779,0.0866666666666666,0.08163265306122452,0.11766661389710044
2021-12-10,0.08783783783783834,0.08783783783783779,0.07333333333333354,0.0748299319727893,0.13427524363448057
2021-12-13,0.08108108108108113,0.06756756756756735,0.07333333333333354,0.08163265306122452,0.06642296047256083
2021-12-14,0.07432432432432452,0.06081081081081073,0.05999999999999991,0.06802721088435408,0.06056030096462292
2021-12-15,0.0608108108108113,0.05405405405405412,0.046666666666666856,0.06122448979591824,0.040781692326416895
2021-12-16,0.0608108108108113,0.06081081081081073,0.05333333333333338,0.05442176870748302,0.07570990890314323
2021-12-17,0.0608108108108113,0.05405405405405412,0.046666666666666856,0.06122448979591824,0.05811752715001157
2021-12-20,0.054054054054054085,0.05405405405405412,0.05333333333333338,0.06122448979591824,0.07813760922013901
2021-12-21,0.0608108108108113,0.08108108108108118,0.07333333333333354,0.06122448979591824,0.1238150740792788
2021-12-22,0.08783783783783834,0.07432432432432397,0.07333333333333354,0.08163265306122452,0.07185668494254165
2021-12-23,0.08108108108108113,0.08108108108108118,0.06666666666666703,0.08163265306122452,0.03568209733368491
2021-12-24,0.08783783783783834,0.08108108108108118,0.08000000000000007,0.08843537414965975,0.06073833092068439
2021-12-27,0.08108108108108113,0.08783783783783779,0.07333333333333354,0.08843537414965975,0.02930609019276961
2021-12-28,0.09459459459459495,0.10135135135135102,0.0866666666666666,0.09523809523809558,0.12177992501722308
2021-12-29,0.09459459459459495,0.08783783783783779,0.08000000000000007,0.08843537414965975,0.03532384084876864
2021-12-30,0.08783783783783834,0.07432432432432397,0.07333333333333354,0.08163265306122452,0.0719701470867074
2021-12-31,0.07432432432432452,0.06756756756756735,0.06666666666666703,0.08163265306122452,0.033842844918865925
2022-01-04,0.08108108108108113,0.0945945945945944,0.08000000000000007,0.08163265306122452,0.09516321300957697
2022-01-05,0.09459459459459495,0.12162162162162146,0.11333333333333329,0.09523809523809558,0.1918653445820504
2022-01-06,0.12162162162162199,0.11486486486486486,0.1200000000000004,0.11564625850340127,0.11317840729516748
2022-01-07,0.11486486486486538,0.1418918918918919,0.13333333333333344,0.11564625850340127,0.11624603632367894
2022-01-10,0.14864864864864905,0.14864864864864852,0.13999999999999999,0.14285714285714277,0.08630100982661208
2022-01-11,0.14189189189189244,0.14864864864864852,0.1466666666666665,0.1496598639455786,0.09360919405911494
2022-01-12,0.15540540540540565,0.1283783783783781,0.13333333333333344,0.1292517006802723,0.10932739923451085
2022-01-13,0.1283783783783786,0.1351351351351353,0.15333333333333363,0.13605442176870755,0.10393426262317255
2022-01-14,0.14864864864864905,0.10135135135135102,0.12666666666666693,0.10884353741496604,0.14249069057955413
2022-01-17,0.10135135135135157,0.08108108108108118,0.10000000000000024,0.08843537414965975,0.10343777498886608
2022-01-18,0.08783783783783834,0.10810810810810824,0.10000000000000024,0.08163265306122452,0.13556064626939535
2022-01-19,0.10135135135135157,0.11486486486486486,0.10666666666666676,0.10204081632653081,0.09855599951544647
2022-01-20,0.12162162162162199,0.14864864864864852,0.13999999999999999,0.12244897959183709,0.21637958853773226
2022-01-21,0.14189189189189244,0.11486486486486486,0.12666666666666693,0.12244897959183709,0.09907270671155616
2022-01-24,0.12162162162162199,0.11486486486486486,0.11333333333333329,0.11564625850340127,0.07248447032068445
2022-01-25,0.11486486486486538,0.0945945945945944,0.10000000000000024,0.10884353741496604,0.09643042207236138
2022-01-26,0.09459459459459495,0.10810810810810824,0.10000000000000024,0.10204081632653081,0.05324780929824911
2022-01-27,0.10810810810810817,0.10135135135135102,0.10666666666666676,0.10204081632653081,0.07400406761417097
2022-01-28,0.10810810810810817,0.08783783783783779,0.1200000000000004,0.10204081632653081,0.13900075320514696
2022-02-07,0.11486486486486538,0.1418918918918919,0.13333333333333344,0.10884353741496604,0.1696594767900913
2022-02-08,0.14864864864864905,0.21621621621621587,0.2133333333333335,0.1496598639455786,0.36666466221696425
